{
    "utterances": [
        {
            "text": "Bbkk",
            "entities": [],
            "traits": []
        },
        {
            "text": "Developer",
            "entities": [],
            "traits": []
        },
        {
            "text": "Good car",
            "entities": [],
            "traits": []
        },
        {
            "text": "Kj",
            "entities": [],
            "traits": []
        },
        {
            "text": "Ska",
            "entities": [],
            "traits": []
        },
        {
            "text": "Trnslat good car",
            "entities": [
                {
                    "entity": "wit$phrase_to_translate:phrase_to_translate",
                    "start": 8,
                    "end": 16,
                    "body": "good car",
                    "entities": []
                }
            ],
            "traits": [],
            "intent": "translate"
        },
        {
            "text": "Trnslate red car",
            "entities": [
                {
                    "entity": "wit$phrase_to_translate:phrase_to_translate",
                    "start": 9,
                    "end": 16,
                    "body": "red car",
                    "entities": []
                }
            ],
            "traits": [],
            "intent": "translate"
        },
        {
            "text": "translate community",
            "entities": [
                {
                    "entity": "wit$phrase_to_translate:phrase_to_translate",
                    "start": 10,
                    "end": 19,
                    "body": "community",
                    "entities": []
                }
            ],
            "traits": [],
            "intent": "translate"
        },
        {
            "text": "translate developer community",
            "entities": [
                {
                    "entity": "wit$phrase_to_translate:phrase_to_translate",
                    "start": 10,
                    "end": 29,
                    "body": "developer community",
                    "entities": []
                }
            ],
            "traits": [],
            "intent": "translate"
        },
        {
            "text": "translate good red swag",
            "entities": [
                {
                    "entity": "wit$phrase_to_translate:phrase_to_translate",
                    "start": 10,
                    "end": 23,
                    "body": "good red swag",
                    "entities": []
                }
            ],
            "traits": [],
            "intent": "translate"
        },
        {
            "text": "trnslate developer",
            "entities": [
                {
                    "entity": "wit$phrase_to_translate:phrase_to_translate",
                    "start": 9,
                    "end": 18,
                    "body": "developer",
                    "entities": []
                }
            ],
            "traits": [],
            "intent": "translate"
        }
    ]
}
